Date,Price
04/28/2023,725.36
04/27/2023,716
04/26/2023,712.46
04/25/2023,714.79
04/24/2023,729.59
04/21/2023,730.44
04/20/2023,736.76
04/19/2023,738.33
04/18/2023,744.15
04/17/2023,749.78
04/14/2023,747.81
04/13/2023,741.08
04/12/2023,751.64
04/11/2023,752.76
04/10/2023,752.47
04/07/2023,751.61
04/06/2023,751.53
03/31/2023,755.86
03/30/2023,755.15
03/29/2023,747.95
03/28/2023,744.64
03/27/2023,753.73
03/24/2023,760.67
03/23/2023,757.05
03/22/2023,751.21
03/21/2023,736.79
03/20/2023,731.57
03/17/2023,733.96
03/16/2023,720.25
03/15/2023,726.17
03/14/2023,723.27
03/13/2023,732.87
03/10/2023,730.04
03/09/2023,741.98
03/08/2023,742.94
03/07/2023,745.21
03/06/2023,740.98
03/03/2023,732.41
03/02/2023,732.46
03/01/2023,733.63
02/24/2023,722.4
02/23/2023,729.9
02/22/2023,717.47
02/21/2023,727.64
02/20/2023,726.7
02/17/2023,724.7
02/16/2023,731.53
02/15/2023,725.19
02/14/2023,739.8
02/13/2023,734.48
02/10/2023,738.87
02/09/2023,738.31
02/08/2023,738.92
02/07/2023,722.7
02/06/2023,723.79
02/03/2023,737.34
02/02/2023,735.6
02/01/2023,722.99
01/31/2023,713.25
01/30/2023,727.95
01/17/2023,692.21
01/16/2023,693.03
01/13/2023,687.83
01/12/2023,681.21
01/11/2023,682.41
01/10/2023,684.28
01/09/2023,679.91
01/06/2023,657.75
01/05/2023,653.61
01/04/2023,647.92
01/03/2023,650.32
12/30/2022,643.47
12/29/2022,641.79
12/28/2022,645.67
12/27/2022,654.82
12/26/2022,652.96
12/23/2022,652.59
12/22/2022,663.1
12/21/2022,653.71
12/20/2022,652.32
12/19/2022,666.51
12/16/2022,671.15
12/15/2022,682.84
12/14/2022,684.45
12/13/2022,672.21
12/12/2022,677.18
12/09/2022,682.59
12/08/2022,673.59
12/07/2022,677.26
12/06/2022,684.98
12/05/2022,698.88
12/02/2022,699.31
12/01/2022,700.5
11/30/2022,690.7
11/29/2022,683.39
11/28/2022,677.71
11/25/2022,692.05
11/24/2022,692.74
11/23/2022,684.27
11/22/2022,682.9
11/21/2022,677.59
11/18/2022,682.83
11/17/2022,682.86
11/16/2022,682.66
11/15/2022,677.87
11/14/2022,651.33
11/11/2022,645.75
11/10/2022,615.4
11/09/2022,623.52
11/08/2022,603.92
11/07/2022,596.9
11/04/2022,587.69
11/03/2022,587.57
11/02/2022,594.43
11/01/2022,589.1
10/31/2022,586.21
10/28/2022,574.91
10/27/2022,582.14
10/26/2022,570.68
10/25/2022,568.43
10/24/2022,582
10/21/2022,580.8
10/20/2022,589.54
10/19/2022,589.35
10/18/2022,598.73
10/17/2022,591.15
10/14/2022,600.87
10/13/2022,581.2
10/12/2022,589.48
10/11/2022,591.22
10/07/2022,627.63
10/06/2022,639.75
10/05/2022,634.18
10/04/2022,618.74
10/03/2022,602.21
09/30/2022,608.58
09/29/2022,615.78
09/28/2022,615.71
09/27/2022,633.14
09/26/2022,629.73
09/23/2022,645.37
09/22/2022,656.45
09/21/2022,662.73
09/20/2022,670.13
09/19/2022,662.82
09/16/2022,667.84
09/15/2022,674.4
09/14/2022,675.52
09/13/2022,688.64
09/12/2022,682.95
09/08/2022,671.06
09/07/2022,663.43
09/06/2022,677.74
09/05/2022,677.35
09/02/2022,678.75
09/01/2022,684.18
08/31/2022,700.66
08/30/2022,692.4
08/29/2022,690.92
08/26/2022,708.17
08/25/2022,704.2
08/24/2022,697.71
08/23/2022,699.8
08/22/2022,707.57
08/19/2022,717.88
08/18/2022,716.64
08/17/2022,721.13
08/16/2022,719.72
08/15/2022,719.09
08/12/2022,710.74
08/11/2022,706.51
08/10/2022,691.97
08/09/2022,700.6
08/08/2022,701.07
08/05/2022,703.03
08/04/2022,685.65
08/03/2022,687.67
08/02/2022,682.31
08/01/2022,695.09
07/29/2022,698.46
07/28/2022,692.33
07/27/2022,694.27
07/26/2022,685.85
07/25/2022,693.56
07/22/2022,696.97
07/21/2022,697.6
07/20/2022,685.19
07/19/2022,679.15
07/18/2022,683.87
07/15/2022,677.56
07/14/2022,663.35
07/13/2022,656.17
07/12/2022,635.53
07/11/2022,652.87
07/08/2022,659.34
07/07/2022,650.23
07/06/2022,626.04
07/05/2022,641.33
07/04/2022,634
07/01/2022,644.77
06/30/2022,672.12
06/29/2022,694.42
06/28/2022,703.18
06/27/2022,708.39
06/24/2022,693.98
06/23/2022,690.74
06/22/2022,702.62
06/21/2022,722.89
06/20/2022,707.17
06/17/2022,717.27
06/16/2022,728.15
06/15/2022,734.89
06/14/2022,739.23
06/13/2022,742.36
06/10/2022,762.1
06/09/2022,771.33
06/08/2022,773.16
06/07/2022,763.94
06/06/2022,769.95
06/02/2022,767.43
06/01/2022,775.45
05/31/2022,783.4
05/30/2022,770.38
05/27/2022,751.23
05/26/2022,735.6
05/25/2022,744.29
05/24/2022,736.97
05/23/2022,748.56
05/20/2022,751.66
05/19/2022,746.29
05/18/2022,758.95
05/17/2022,749.05
05/16/2022,737.78
05/13/2022,731.1
05/12/2022,720.44
05/11/2022,736.03
05/10/2022,735.54
05/09/2022,734.22
05/06/2022,747.08
05/05/2022,762.55
05/04/2022,752.82
05/03/2022,749.92
04/29/2022,754.85
04/28/2022,747
04/26/2022,757.5
04/25/2022,757.73
04/22/2022,776.64
04/21/2022,786.48
04/20/2022,787.74
04/19/2022,779.52
04/18/2022,775.29
04/15/2022,776.14
04/14/2022,791.88
04/13/2022,792.5
04/12/2022,774.4
04/11/2022,776.23
04/08/2022,791.35
04/07/2022,790.37
04/06/2022,807.72
04/01/2022,819.24
03/31/2022,826.8
03/30/2022,830.97
03/29/2022,820.73
03/28/2022,819.56
03/25/2022,830.95
03/24/2022,827.98
03/23/2022,828.26
03/22/2022,819.94
03/21/2022,821.2
03/18/2022,816.62
03/17/2022,816.39
03/16/2022,787.13
03/15/2022,785.67
03/14/2022,805.88
03/11/2022,809.63
03/10/2022,820.32
03/09/2022,796.82
03/08/2022,788.76
03/07/2022,804.49
03/04/2022,833.56
03/03/2022,844.01
03/02/2022,842.32
03/01/2022,844.95
02/25/2022,835.83
02/24/2022,833.44
02/23/2022,859.04
02/22/2022,856.45
02/21/2022,867.23
02/18/2022,870.25
02/17/2022,875.02
02/16/2022,874.72
02/15/2022,858.42
02/14/2022,861
02/11/2022,880.24
02/10/2022,881.37
02/09/2022,869.25
02/08/2022,858.63
02/07/2022,858.53
01/26/2022,854.42
01/25/2022,859.76
01/24/2022,873.79
01/21/2022,865.46
01/20/2022,880.88
01/19/2022,882.5
01/18/2022,889.99
01/17/2022,902.26
01/14/2022,888.91
01/13/2022,887.51
01/12/2022,886.71
01/11/2022,880.98
01/10/2022,880.31
01/07/2022,874.78
01/06/2022,888.9
01/05/2022,900.28
01/04/2022,903.09
01/03/2022,883.88
12/30/2021,876.16
12/29/2021,876.19
12/28/2021,874.88
12/27/2021,866.3
12/24/2021,860.96
12/23/2021,861.08
12/22/2021,853.29
12/21/2021,849.76
12/20/2021,844.22
12/17/2021,853.22
12/16/2021,854.19
12/15/2021,845.51
12/14/2021,841.97
12/13/2021,848.78
12/10/2021,851.84
12/09/2021,855.6
12/08/2021,851.48
12/07/2021,851.43
12/06/2021,848.49
12/03/2021,852.98
12/02/2021,856.02
12/01/2021,847.33
11/30/2021,838.49
11/29/2021,832.5
11/26/2021,832.26
11/25/2021,844.47
11/24/2021,844.67
11/23/2021,850.85
11/22/2021,859.22
11/19/2021,859.94
11/18/2021,856.38
11/17/2021,852.78
11/16/2021,850.02
11/15/2021,847.68
11/12/2021,839.72
11/11/2021,836.58
11/10/2021,842.47
11/09/2021,840.38
11/08/2021,830.81
11/05/2021,827.84
11/04/2021,813.65
11/03/2021,815.85
11/02/2021,814.15
11/01/2021,814.61
10/29/2021,809.45
10/28/2021,813.84
10/27/2021,814.58
10/26/2021,810.78
10/25/2021,803.4
10/22/2021,805.88
10/21/2021,800.72
10/20/2021,802.65
10/19/2021,803.36
10/18/2021,788.78
10/15/2021,796.41
10/14/2021,770.85
10/13/2021,769.41
10/12/2021,777.18
10/08/2021,783.74
10/07/2021,787.47
10/06/2021,770.27
10/05/2021,774.22
10/04/2021,772.52
10/01/2021,778.75
09/30/2021,792.05
09/29/2021,789.93
09/28/2021,810.12
09/27/2021,819.12
09/24/2021,815.84
09/23/2021,805.44
09/22/2021,799.63
09/17/2021,815.6
09/16/2021,813.31
09/15/2021,818.23
09/14/2021,825.24
09/13/2021,825.37
09/10/2021,833.28
09/09/2021,826.19
09/08/2021,823.38
09/07/2021,832.57
09/06/2021,841.58
09/03/2021,839.01
09/02/2021,826.15
09/01/2021,833.44
08/31/2021,829.14
08/30/2021,822.78
08/27/2021,813.95
08/26/2021,808.27
08/25/2021,805.79
08/24/2021,793.11
08/23/2021,790.2
08/20/2021,770.92
08/19/2021,774.61
08/18/2021,796.55
08/17/2021,790.93
08/16/2021,801.65
08/13/2021,803.65
08/12/2021,815.61
08/11/2021,817.37
08/10/2021,822.78
08/09/2021,830.92
08/06/2021,833.99
08/05/2021,841.13
08/04/2021,838.58
08/03/2021,834.64
08/02/2021,830.21
07/30/2021,819.21
07/29/2021,823.56
07/28/2021,813.3
07/27/2021,822.14
07/26/2021,824.31
07/23/2021,826.02
07/22/2021,831.63
07/21/2021,823.53
07/20/2021,822.88
07/19/2021,830.04
07/16/2021,839.3
07/15/2021,854.76
07/14/2021,850.27
07/13/2021,845.83
07/12/2021,834.84
07/09/2021,823.65
07/08/2021,829.83
07/07/2021,832.46
07/06/2021,830.4
07/05/2021,833.4
07/02/2021,822.64
07/01/2021,822.03
06/30/2021,828.05
06/29/2021,825.58
06/28/2021,823.35
06/25/2021,823.94
06/24/2021,822.41
06/23/2021,824.25
06/22/2021,804.22
06/21/2021,808.76
06/18/2021,829.76
06/17/2021,834.25
06/16/2021,828.96
06/15/2021,834.08
06/11/2021,825.99
06/10/2021,823.49
06/09/2021,810.15
06/08/2021,814.62
06/07/2021,817.45
06/04/2021,819.09
06/03/2021,822.63
06/02/2021,818.43
06/01/2021,825.25
05/31/2021,823.95
05/28/2021,810.81
05/27/2021,799.41
05/26/2021,802.36
05/25/2021,801.8
05/24/2021,783.9
05/21/2021,783.26
05/20/2021,772.47
05/19/2021,775.9
05/18/2021,781.11
05/17/2021,744.1
05/14/2021,761.17
05/13/2021,750.09
05/12/2021,758.3
05/11/2021,781.39
05/10/2021,817.11
05/07/2021,835.21
05/06/2021,813.57
05/05/2021,808.98
05/04/2021,822.1
05/03/2021,830.51
04/29/2021,854.52
04/28/2021,854.41
04/27/2021,857
04/26/2021,856.91
04/23/2021,844.58
04/22/2021,828.2
04/21/2021,834.88
04/20/2021,844.41
04/19/2021,840.3
04/16/2021,845.87
04/15/2021,846.74
04/14/2021,837.78
04/13/2021,835.95
04/12/2021,838.62
04/09/2021,845.71
04/08/2021,851.1
04/07/2021,845.09
04/06/2021,841.67
04/01/2021,831.37
03/31/2021,820.62
03/30/2021,831.62
03/29/2021,827.43
03/26/2021,818.04
03/25/2021,803.91
03/24/2021,803.17
03/23/2021,815.54
03/22/2021,815.26
03/19/2021,810.5
03/18/2021,822.26
03/17/2021,817.54
03/16/2021,822.81
03/15/2021,818.56
03/12/2021,819.93
03/11/2021,814.02
03/10/2021,797.36
03/09/2021,794.61
03/08/2021,797.3
03/05/2021,802.59
03/04/2021,805.61
03/03/2021,826.97
03/02/2021,813.73
02/26/2021,812.69
02/25/2021,842.68
02/24/2021,830.76
02/23/2021,846.17
02/22/2021,850.99
02/19/2021,849.62
02/18/2021,855.93
02/17/2021,854.53
02/05/2021,820.98
02/04/2021,814.73
02/03/2021,819.52
02/02/2021,819.12
02/01/2021,797.69
01/29/2021,779.84
01/28/2021,794.65
01/27/2021,812.01
01/26/2021,809.19
01/25/2021,826.93
01/22/2021,835.91
01/21/2021,846.51
01/20/2021,821.8
01/19/2021,816.82
01/18/2021,797.61
01/15/2021,795.38
01/14/2021,794.77
01/13/2021,799.29
01/12/2021,780.85
01/11/2021,780.11
01/08/2021,773.05
01/07/2021,758.44
01/06/2021,743.83
01/05/2021,740.27
01/04/2021,732.17
12/31/2020,720.32
12/30/2020,717.36
12/29/2020,706.99
12/28/2020,708.86
12/25/2020,701.29
12/24/2020,698.49
12/23/2020,696.1
12/22/2020,692.6
12/21/2020,703.05
12/18/2020,697.96
12/17/2020,697.63
12/16/2020,699.86
12/15/2020,688.58
12/14/2020,696.53
12/11/2020,701.29
12/10/2020,700.73
12/09/2020,711.81
12/08/2020,710.35
12/07/2020,701.03
12/04/2020,690.02
12/03/2020,680.83
12/02/2020,681.92
12/01/2020,672.93
11/30/2020,663.44
11/27/2020,669.89
11/26/2020,668.42
11/25/2020,662.42
11/24/2020,668.74
11/23/2020,671.74
11/20/2020,661.95
11/19/2020,662.02
11/18/2020,665.72
11/17/2020,654.4
11/16/2020,652.75
11/13/2020,633.57
11/12/2020,630.01
11/11/2020,629.29
11/10/2020,624.58
11/09/2020,632.5
11/06/2020,624.53
11/05/2020,621.84
11/04/2020,619.14
11/03/2020,610.15
11/02/2020,602.57
10/30/2020,601.38
10/29/2020,608.66
10/28/2020,615.46
10/27/2020,620.76
10/26/2020,622.41
10/23/2020,623.32
10/22/2020,625.11
10/21/2020,623.68
10/20/2020,622.5
10/19/2020,626.29
10/16/2020,616.25
10/15/2020,621.07
10/14/2020,625.79
10/13/2020,628.24
10/12/2020,627.71
10/08/2020,622.55
10/07/2020,611.74
10/06/2020,607.75
10/05/2020,600.08
09/30/2020,599.52
09/29/2020,596.24
09/28/2020,596.18
09/25/2020,583.9
09/24/2020,587.7
09/23/2020,601.92
09/22/2020,603.94
09/21/2020,609.77
09/18/2020,614.75
09/17/2020,616.86
09/16/2020,623.95
09/15/2020,614.44
09/14/2020,610.75
09/11/2020,602.84
09/10/2020,602.65
09/09/2020,597.07
09/08/2020,600.41
09/07/2020,596.6
09/04/2020,601.9
09/03/2020,609.08
09/02/2020,605.63
09/01/2020,604.71
08/31/2020,595.63
08/28/2020,604.73
08/27/2020,610.92
08/26/2020,611.79
08/25/2020,607
08/24/2020,601.17
08/21/2020,597.49
08/20/2020,584.62
08/19/2020,606.73
08/18/2020,612.93
08/17/2020,620.31
08/14/2020,612.38
08/13/2020,610.68
08/12/2020,604.4
08/11/2020,611.41
08/10/2020,618.74
08/07/2020,617.33
08/06/2020,622.33
08/05/2020,616.29
08/04/2020,611.02
08/03/2020,599.67
07/31/2020,608.38
07/30/2020,611.59
07/29/2020,600.26
07/28/2020,606.82
07/27/2020,604.06
07/24/2020,576.63
07/23/2020,580.1
07/22/2020,582.4
07/21/2020,578.33
07/20/2020,562.41
07/17/2020,562.42
07/16/2020,558.22
07/15/2020,561.95
07/14/2020,564.13
07/13/2020,561.36
07/10/2020,553.51
07/09/2020,558.04
07/08/2020,555.65
07/07/2020,550.5
07/06/2020,551.13
07/03/2020,539.23
07/02/2020,532.07
07/01/2020,526.61
06/30/2020,520.49
06/29/2020,516.21
06/24/2020,522.26
06/23/2020,518.21
06/22/2020,515.98
06/19/2020,515.09
06/18/2020,512.94
06/17/2020,510.83
06/16/2020,510.74
06/15/2020,500.95
06/12/2020,508.52
06/11/2020,512.91
06/10/2020,519.08
06/09/2020,514.66
06/08/2020,514.25
06/05/2020,508.04
06/04/2020,503.21
06/03/2020,498.64
06/02/2020,490.59
06/01/2020,488.36
05/29/2020,481.63
05/28/2020,482.01
05/27/2020,484.29
05/26/2020,483.39
05/25/2020,478.61
05/22/2020,475.45
05/21/2020,485.08
05/20/2020,480.26
05/19/2020,477.56
05/18/2020,473.6
05/15/2020,481.71
05/14/2020,479.05
05/13/2020,486.38
05/12/2020,482.59
05/11/2020,489.22
05/08/2020,483.82
05/07/2020,481.29
05/06/2020,477.37
05/05/2020,476.19
05/04/2020,474.7
04/30/2020,486.56
04/29/2020,478.33
04/28/2020,473.35
04/27/2020,472.8
04/24/2020,463.69
04/23/2020,464.58
04/22/2020,461.71
04/21/2020,460.52
04/20/2020,473.94
04/17/2020,474.63
04/16/2020,458.98
04/15/2020,460.5
04/14/2020,456.38
04/13/2020,445.27
04/10/2020,446.99
04/09/2020,449.08
04/08/2020,452.11
04/07/2020,446
04/06/2020,436.45
04/01/2020,428.76
03/31/2020,429.9
03/30/2020,424.31
03/27/2020,428.75
03/26/2020,434.16
03/25/2020,429.03
03/24/2020,413.28
03/23/2020,394.72
03/20/2020,411.74
03/19/2020,384.74
03/18/2020,407.6
03/17/2020,417.13
03/16/2020,427.43
03/13/2020,447.45
03/12/2020,456.41
03/11/2020,477.32
03/10/2020,483.96
03/09/2020,481.15
03/06/2020,496.77
03/05/2020,506.09
03/04/2020,500.12
03/03/2020,497.17
03/02/2020,488.11
02/27/2020,493.36
02/26/2020,501.87
02/25/2020,507.81
02/24/2020,506.31
02/21/2020,513.34
02/20/2020,515
02/19/2020,515.96
02/18/2020,510.77
02/17/2020,520.02
02/14/2020,523.84
02/13/2020,522.4
02/12/2020,522.45
02/11/2020,515.32
02/10/2020,509.67
02/07/2020,511.54
02/06/2020,518.58
02/05/2020,510.47
02/04/2020,509.04
02/03/2020,497.55
01/31/2020,504.05
01/30/2020,500.2
01/20/2020,532.05
01/17/2020,531.36
01/16/2020,531.22
01/15/2020,533.43
01/14/2020,539.4
01/13/2020,534.72
01/10/2020,530.78
01/09/2020,527.95
01/08/2020,518.38
01/07/2020,520.19
01/06/2020,524.52
01/03/2020,534.23
01/02/2020,535.08
12/31/2019,527.82
12/30/2019,530.95
12/27/2019,533.39
12/26/2019,528.2
12/25/2019,528.39
12/24/2019,525.96
12/23/2019,528.29
12/20/2019,525.1
12/19/2019,530.22
12/18/2019,537.52
12/17/2019,537.6
12/16/2019,528.48
12/13/2019,528.13
12/12/2019,522.68
12/11/2019,513.13
12/10/2019,508.11
12/09/2019,510.48
12/06/2019,506.41
12/05/2019,505.74
12/04/2019,498.84
12/03/2019,499.77
12/02/2019,498.13
11/29/2019,497.1
11/28/2019,503.16
11/27/2019,504.84
11/26/2019,500.57
11/25/2019,500.31
11/22/2019,501.76
11/21/2019,502.26
11/20/2019,505.58
11/19/2019,507.64
11/18/2019,503.6
11/15/2019,499.31
11/14/2019,495.03
11/13/2019,495.3
11/12/2019,497.46
11/11/2019,491.36
11/08/2019,499.55
11/07/2019,501.07
11/06/2019,504.05
11/05/2019,504
11/04/2019,498.97
11/01/2019,490.04
10/31/2019,487.28
10/30/2019,487.85
10/29/2019,486.46
10/28/2019,484.84
10/25/2019,483.33
10/24/2019,484.16
10/23/2019,481.12
10/22/2019,481.11
10/21/2019,476.23
10/18/2019,477.59
10/17/2019,477.79
10/16/2019,476.89
10/15/2019,475.17
10/14/2019,472.62
10/09/2019,463.44
10/08/2019,470.36
10/07/2019,464.97
10/04/2019,462.31
10/03/2019,461.44
10/02/2019,464.2
10/01/2019,464.35
09/30/2019,455.71
09/27/2019,455.71
09/26/2019,456.01
09/25/2019,455.22
09/24/2019,456.83
09/23/2019,456.89
09/20/2019,455.87
09/19/2019,455.05
09/18/2019,456.17
09/17/2019,453.21
09/16/2019,453.62
09/12/2019,451.37
09/11/2019,449.63
09/10/2019,447.19
09/09/2019,451.4
09/06/2019,451
09/05/2019,450.23
09/04/2019,444.83
09/03/2019,439.86
09/02/2019,443.95
08/30/2019,443.1
08/29/2019,435.99
08/28/2019,434.19
08/27/2019,431.11
08/26/2019,428.57
08/23/2019,438.02
08/22/2019,438.31
08/21/2019,438.07
08/20/2019,437.08
08/19/2019,434.75
08/16/2019,430.31
08/15/2019,427
08/14/2019,430.27
08/13/2019,425.99
08/12/2019,431.06
08/09/2019,431.13
08/08/2019,431.13
08/07/2019,424.97
08/06/2019,425.24
08/05/2019,424.65
08/02/2019,432
08/01/2019,441.14
07/31/2019,444.42
07/30/2019,443.99
07/29/2019,446.7
07/26/2019,447.32
07/25/2019,450.52
07/24/2019,450.84
07/23/2019,449.54
07/22/2019,448.41
07/19/2019,443.36
07/18/2019,438.29
07/17/2019,439.17
07/16/2019,443.05
07/15/2019,441.95
07/12/2019,438.18
07/11/2019,438.69
07/10/2019,434.96
07/09/2019,429.13
07/08/2019,432.67
07/05/2019,433.66
07/04/2019,433.22
07/03/2019,431.52
07/02/2019,438.82
07/01/2019,438.51
06/28/2019,426.31
06/27/2019,428.08
06/26/2019,420.78
06/25/2019,423.25
06/24/2019,427.3
06/21/2019,431.15
06/20/2019,429.27
06/19/2019,427.36
06/18/2019,415.84
06/17/2019,414.45
06/14/2019,415.68
06/13/2019,418.97
06/12/2019,422.75
06/11/2019,420.4
06/10/2019,416.26
06/06/2019,406.77
06/05/2019,410.94
06/04/2019,409.57
06/03/2019,414.49
05/31/2019,413.51
05/30/2019,407.03
05/29/2019,402.84
05/28/2019,403.37
05/27/2019,403.95
05/24/2019,406.21
05/23/2019,404.42
05/22/2019,414.47
05/21/2019,412.97
05/20/2019,413.72
05/17/2019,416.04
05/16/2019,424.12
05/15/2019,429.33
05/14/2019,428.3
05/13/2019,429.86
05/10/2019,439.41
05/09/2019,441.06
05/08/2019,450.19
05/07/2019,453.52
05/06/2019,447.9
05/03/2019,458.25
05/02/2019,451.15
04/30/2019,450.64
04/29/2019,449.81
04/26/2019,452.53
04/25/2019,459.61
04/24/2019,459.45
04/23/2019,459.46
04/22/2019,457.74
04/19/2019,456.88
04/18/2019,457.11
04/17/2019,457.29
04/16/2019,452.56
04/15/2019,448.87
04/12/2019,443.8
04/11/2019,443.67
04/10/2019,446.58
04/09/2019,446.01
04/08/2019,443.5
04/03/2019,436.67
04/02/2019,436.08
04/01/2019,433.32
03/29/2019,430.26
03/28/2019,425.81
03/27/2019,426.44
03/26/2019,427.29
03/25/2019,422.88
03/22/2019,431.94
03/21/2019,429.55
03/20/2019,425.38
03/19/2019,423.66
03/18/2019,423.38
03/15/2019,419.69
03/14/2019,416.28
03/13/2019,417.63
03/12/2019,415.1
03/11/2019,410.67
03/08/2019,410.02
03/07/2019,413.59
03/06/2019,416.31
03/05/2019,414.01
03/04/2019,416.68
02/27/2019,418.3
02/26/2019,419.16
02/25/2019,419.47
02/22/2019,415.27
02/21/2019,414.87
02/20/2019,412.59
02/19/2019,406.22
02/18/2019,406.17
02/15/2019,402.63
02/14/2019,403.96
02/13/2019,405.1
02/12/2019,405.43
02/11/2019,401.06
01/30/2019,394.31
01/29/2019,394.89
01/28/2019,400.25
01/25/2019,398.16
01/24/2019,393.13
01/23/2019,390.41
01/22/2019,392.46
01/21/2019,392.29
01/18/2019,390.03
01/17/2019,388.27
01/16/2019,387.03
01/15/2019,388.32
01/14/2019,383.38
01/11/2019,385.46
01/10/2019,381.82
01/09/2019,381.57
01/08/2019,374.77
01/07/2019,376.37
01/04/2019,368.17
01/03/2019,375.67
01/02/2019,380.25
12/28/2018,388
12/27/2018,383.81
12/26/2018,376.54
12/25/2018,379.09
12/24/2018,383.74
12/22/2018,383.26
12/21/2018,385.24
12/20/2018,383.55
12/19/2018,389.43
12/18/2018,385.88
12/17/2018,388.14
12/14/2018,387.93
12/13/2018,392.44
12/12/2018,391.45
12/11/2018,384.59
12/10/2018,380.47
12/07/2018,386.03
12/06/2018,382.82
12/05/2018,395.7
12/04/2018,405.38
12/03/2018,407.65
11/30/2018,393.8
11/29/2018,394.59
11/28/2018,392.83
11/27/2018,387.21
11/26/2018,384.08
11/23/2018,378.06
11/22/2018,379.41
11/21/2018,381.14
11/20/2018,379.91
11/19/2018,383.93
11/16/2018,384.32
11/15/2018,388.1
11/14/2018,386.22
11/13/2018,385.62
11/12/2018,388.38
11/09/2018,388.56
11/08/2018,393.79
11/07/2018,392.61
11/06/2018,388.74
11/05/2018,392.98
11/02/2018,395.2
11/01/2018,392.71
10/31/2018,389.31
10/30/2018,374.4
10/29/2018,374.74
10/26/2018,373.15
10/25/2018,373.55
10/24/2018,386.45
10/23/2018,385.95
10/22/2018,395.52
10/19/2018,393.05
10/18/2018,394.38
10/17/2018,396.15
10/16/2018,395.18
10/15/2018,390.06
10/12/2018,395.81
10/11/2018,383.42
10/09/2018,410.68
10/08/2018,411.93
10/05/2018,417.27
10/04/2018,426.4
10/03/2018,434.17
10/02/2018,435.12
10/01/2018,441.58
09/28/2018,439.27
09/27/2018,440.96
09/26/2018,439.34
09/25/2018,439.58
09/21/2018,437.83
09/20/2018,434.72
09/19/2018,436.39
09/18/2018,433.15
09/17/2018,440.05
09/14/2018,442.34
09/13/2018,432.95
09/12/2018,437.17
09/11/2018,439.96
09/10/2018,439.74
09/07/2018,446.42
09/06/2018,450.21
09/05/2018,455.28
09/04/2018,452.8
09/03/2018,450.37
08/31/2018,454.1
08/30/2018,458.21
08/29/2018,455.99
08/28/2018,447.52
08/27/2018,442.15
08/24/2018,437.13
08/23/2018,439.58
08/22/2018,437.6
08/21/2018,437.97
08/20/2018,434.4
08/17/2018,434.14
08/16/2018,434.77
08/15/2018,435.83
08/14/2018,441.72
08/13/2018,439.42
08/10/2018,452.04
08/09/2018,455.66
08/08/2018,456.99
08/07/2018,452.72
08/06/2018,454.71
08/03/2018,455
08/02/2018,451.4
08/01/2018,459.25
07/31/2018,456.25
07/30/2018,456.4
07/27/2018,459.4
07/26/2018,454.64
07/25/2018,453.64
07/24/2018,454.22
07/23/2018,452.48
07/20/2018,451.96
07/19/2018,444.62
07/18/2018,443.47
07/17/2018,441.72
07/16/2018,443.74
07/13/2018,445.48
07/12/2018,439.56
07/11/2018,436.76
07/10/2018,440.82
07/09/2018,438.61
07/06/2018,433.25
07/05/2018,431.03
07/04/2018,436.35
07/03/2018,435.24
07/02/2018,437.77
06/29/2018,440.04
06/28/2018,431.78
06/27/2018,433.67
06/26/2018,435.94
06/25/2018,437.95
06/22/2018,446.12
06/21/2018,448.81
06/20/2018,448.31
06/19/2018,449.36
06/15/2018,458.72
06/14/2018,454.7
06/13/2018,462.24
06/12/2018,459.47
06/11/2018,459.26
06/08/2018,458.94
06/07/2018,464.41
06/06/2018,461.51
06/05/2018,456.35
06/04/2018,456.94
06/01/2018,448.76
05/31/2018,445.59
05/30/2018,444.25
05/29/2018,449.97
05/28/2018,451.28
05/25/2018,448.45
05/24/2018,446.04
05/23/2018,443.48
05/22/2018,445.82
05/21/2018,446.12
05/18/2018,438.02
05/17/2018,439.15
05/16/2018,444.39
05/15/2018,444.95
05/14/2018,448.05
05/11/2018,442.93
05/10/2018,439.27
05/09/2018,436.77
05/08/2018,435.65
05/07/2018,431.08
05/04/2018,427.11
05/03/2018,424.39
05/02/2018,428.89
04/30/2018,431.54
04/27/2018,426.87
04/26/2018,423.37
04/25/2018,427.7
04/24/2018,429.7
04/23/2018,435.73
04/20/2018,440.48
04/19/2018,454.65
04/18/2018,448.47
04/17/2018,447.09
04/16/2018,454.21
04/13/2018,453.95
04/12/2018,452.62
04/11/2018,454.56
04/10/2018,452.53
04/09/2018,451.08
04/03/2018,450.94
04/02/2018,454.99
03/31/2018,457.07
03/30/2018,456.56
03/29/2018,453.63
03/28/2018,454.59
03/27/2018,461.57
03/26/2018,453.46
03/23/2018,452.88
03/22/2018,463.17
03/21/2018,464.98
03/20/2018,463.5
03/19/2018,465.61
03/16/2018,464.23
03/15/2018,464.9
03/14/2018,465.74
03/13/2018,469.12
03/12/2018,463.01
03/09/2018,457.9
03/08/2018,455.29
03/07/2018,450.56
03/06/2018,452.74
03/05/2018,444.27
03/02/2018,445.61
03/01/2018,448.62
02/27/2018,449.9
02/26/2018,450.62
02/23/2018,449.63
02/22/2018,443.33
02/21/2018,446.04
02/12/2018,433.3
02/09/2018,430.8
02/08/2018,438.58
02/07/2018,441
02/06/2018,436.58
02/05/2018,460.22
02/02/2018,470.02
02/01/2018,469.86
01/31/2018,465.93
01/30/2018,464.63
01/29/2018,471.33
01/26/2018,467.22
01/25/2018,468.58
01/24/2018,469.75
01/23/2018,475.65
01/22/2018,473.85
01/19/2018,467.85
01/18/2018,461.14
01/17/2018,455.8
01/16/2018,454.92
01/15/2018,453.02
01/12/2018,449.22
01/11/2018,444.69
01/10/2018,445.4
01/09/2018,451.83
01/08/2018,453.2
01/05/2018,453.53
01/04/2018,452.85
01/03/2018,450.21
01/02/2018,445.36
12/29/2017,441.53
12/28/2017,437.81
12/27/2017,432.95
12/26/2017,432.41
12/25/2017,438.28
12/22/2017,439.18
12/21/2017,436.51
12/20/2017,437.52
12/19/2017,435.12
12/18/2017,437.97
12/15/2017,438.56
12/14/2017,440.94
12/13/2017,437.59
12/12/2017,437.71
12/11/2017,439.82
12/08/2017,435.4
12/07/2017,433.33
12/06/2017,434.31
12/05/2017,443.16
12/04/2017,449.72
12/01/2017,448.64
11/30/2017,448.55
11/29/2017,458.49
11/28/2017,458.23
11/27/2017,461.03
11/24/2017,467.56
11/23/2017,466.01
11/22/2017,463.81
11/21/2017,462.82
11/20/2017,458.23
11/17/2017,461.89
11/16/2017,457.03
11/15/2017,456.16
11/14/2017,460
11/13/2017,459.42
11/10/2017,463.27
11/09/2017,464.53
11/08/2017,469.41
11/07/2017,470.84
11/06/2017,467.14
11/03/2017,467.07
11/02/2017,467.14
11/01/2017,468.73
10/31/2017,468.16
10/30/2017,466.06
10/27/2017,461.89
10/26/2017,463.55
10/25/2017,463.85
10/24/2017,463.33
10/23/2017,463.35
10/20/2017,462.74
10/19/2017,464.92
10/18/2017,461.81
10/17/2017,461.41
10/16/2017,464.97
10/13/2017,462.07
10/12/2017,460.77
10/11/2017,455.64
10/06/2017,449.32
10/05/2017,449.14
10/03/2017,446.39
10/02/2017,445.56
09/30/2017,440.87
09/29/2017,437.95
09/28/2017,436.28
09/27/2017,436.35
09/26/2017,431.82
09/25/2017,437.35
09/22/2017,443.63
09/21/2017,450.88
09/20/2017,447.25
09/19/2017,450.09
09/18/2017,452.1
09/15/2017,449.92
09/14/2017,448.41
09/13/2017,447.17
09/12/2017,451.19
09/11/2017,449.04
09/08/2017,451.07
09/07/2017,447.7
09/06/2017,448.62
09/05/2017,451.68
09/04/2017,449.5
09/01/2017,450.16
08/31/2017,449.27
08/30/2017,448.83
08/29/2017,445.21
08/28/2017,446.68
08/25/2017,447.31
08/24/2017,446.29
08/23/2017,442.16
08/22/2017,441
08/21/2017,437.22
08/18/2017,437.42
08/17/2017,439.85
08/16/2017,436.84
08/15/2017,437.66
08/14/2017,433.01
08/11/2017,438.87
08/10/2017,438.94
08/09/2017,444.51
08/08/2017,450.03
08/07/2017,450.68
08/04/2017,446.67
08/03/2017,445.51
08/02/2017,447.98
08/01/2017,442.27
07/31/2017,442.79
07/28/2017,442.45
07/27/2017,446.08
07/26/2017,442.07
07/25/2017,444.25
07/24/2017,442.81
07/21/2017,441.2
07/20/2017,444.85
07/19/2017,444.92
07/18/2017,443.52
07/17/2017,440.6
07/14/2017,440.45
07/13/2017,441.64
07/12/2017,440.13
07/11/2017,440.19
07/10/2017,432.65
07/07/2017,432.18
07/06/2017,435.08
07/05/2017,435.92
07/04/2017,432.27
07/03/2017,436.94
06/30/2017,436.71
06/29/2017,438.93
06/28/2017,437.44
06/27/2017,442.67
06/26/2017,444.13
06/23/2017,440.03
06/22/2017,441.09
06/21/2017,438.75
06/20/2017,438.44
06/19/2017,433.43
06/16/2017,428.11
06/15/2017,423.31
06/14/2017,421.88
06/13/2017,424.48
06/12/2017,424.69
06/09/2017,430.42
06/08/2017,431.66
06/07/2017,429.78
06/06/2017,429.86
06/05/2017,430.8
06/03/2017,426.85
06/02/2017,426.48
06/01/2017,422.76
05/31/2017,418.51
05/26/2017,422.55
05/25/2017,422.96
05/24/2017,420.21
05/23/2017,418.86
05/22/2017,417.87
05/19/2017,415.29
05/18/2017,416.07
05/17/2017,417.4
05/16/2017,417.94
05/15/2017,419.98
05/12/2017,417.56
05/11/2017,419.17
05/10/2017,418.07
05/09/2017,415.37
05/08/2017,414.55
05/05/2017,411.11
05/04/2017,413.47
05/03/2017,412.44
05/02/2017,411.14
04/28/2017,408.08
04/27/2017,406.54
04/26/2017,405.27
04/25/2017,404.69
04/24/2017,399.56
04/21/2017,399.62
04/20/2017,395.04
04/19/2017,395.31
04/18/2017,399.2
04/17/2017,398.2
04/14/2017,398.82
04/13/2017,402.57
04/12/2017,401.71
04/11/2017,401.99
04/10/2017,403.64
04/07/2017,404.13
04/06/2017,404.94
04/05/2017,407.32
03/31/2017,399.52
03/30/2017,401.64
03/29/2017,401.43
03/28/2017,403.18
03/27/2017,402.79
03/24/2017,403.15
03/23/2017,404.77
03/22/2017,404.38
03/21/2017,406.36
03/20/2017,402.6
03/17/2017,402.14
03/16/2017,398.54
03/15/2017,393.85
03/14/2017,394.01
03/13/2017,392.45
03/10/2017,388.66
03/09/2017,389.97
03/08/2017,393.36
03/07/2017,391.93
03/06/2017,389.61
03/03/2017,388.78
03/02/2017,390.8
03/01/2017,390.22
02/24/2017,394.1
02/23/2017,394.57
02/22/2017,394.23
02/21/2017,393.93
02/20/2017,393.74
02/18/2017,394.3
02/17/2017,393.24
02/16/2017,393.23
02/15/2017,394.12
02/14/2017,391.79
02/13/2017,391.37
02/10/2017,388.97
02/09/2017,386.84
02/08/2017,384.38
02/07/2017,384.37
02/06/2017,383.84
02/03/2017,381.72
02/02/2017,380.89
01/24/2017,381.07
01/23/2017,380.09
01/20/2017,375.79
01/19/2017,375.13
01/18/2017,375.88
01/17/2017,375.89
01/16/2017,372.88
01/13/2017,375.71
01/12/2017,377.49
01/11/2017,374.6
01/10/2017,375.24
01/09/2017,374.56
01/06/2017,375.87
01/05/2017,374.71
01/04/2017,372
01/03/2017,371.3
12/30/2016,369.64
12/29/2016,366.43
12/28/2016,368.26
12/27/2016,364.75
12/26/2016,364.26
12/23/2016,363.06
12/22/2016,364.24
12/21/2016,366.36
12/20/2016,368.56
12/19/2016,368.1
12/16/2016,372.2
12/15/2016,374.4
12/14/2016,374.37
12/13/2016,373.49
12/12/2016,372.51
12/09/2016,374.47
12/08/2016,374.25
12/07/2016,369.13
12/06/2016,368.24
12/05/2016,364.3
12/02/2016,364.48
12/01/2016,369.6
11/30/2016,369.69
11/29/2016,368.7
11/28/2016,369.64
11/25/2016,366.89
11/24/2016,367.73
11/23/2016,370.56
11/22/2016,368.2
11/21/2016,364.28
11/18/2016,363.77
11/17/2016,361.79
11/16/2016,359.79
11/15/2016,358.33
11/14/2016,359.09
11/11/2016,361.05
11/10/2016,371.54
11/09/2016,363.71
11/08/2016,376.08
11/07/2016,376.42
11/04/2016,370.7
11/03/2016,370.97
11/02/2016,374.36
11/01/2016,380.67
10/31/2016,380.89
10/28/2016,381.98
10/27/2016,382.01
10/26/2016,385.39
10/25/2016,386.73
10/24/2016,383.74
10/21/2016,381.6
10/20/2016,381.99
10/19/2016,381.06
10/18/2016,378.78
10/17/2016,377.89
10/14/2016,377.13
10/13/2016,379.84
10/12/2016,381.48
10/11/2016,379.3
10/07/2016,380.83
10/06/2016,382
10/05/2016,381.22
10/04/2016,381.68
10/03/2016,379.46
09/30/2016,375.48
09/29/2016,379.95
09/28/2016,379.95
09/27/2016,376.4
09/26/2016,376.4
09/23/2016,381.52
09/22/2016,379.01
09/21/2016,378.81
09/20/2016,376.69
09/19/2016,376.49
09/14/2016,363.4
09/13/2016,364.64
09/12/2016,364.35
09/10/2016,368.89
09/09/2016,373.48
09/08/2016,377.98
09/07/2016,378.49
09/06/2016,374.63
09/05/2016,370.6
09/02/2016,365.96
09/01/2016,367.78
08/31/2016,370.04
08/30/2016,370.79
08/29/2016,371.6
08/26/2016,372.59
08/25/2016,372.25
08/24/2016,367.18
08/23/2016,366.94
08/22/2016,365.12
08/19/2016,366.74
08/18/2016,369.59
08/17/2016,369.99
08/16/2016,369.94
08/15/2016,372.39
08/12/2016,370.79
08/11/2016,371.27
08/10/2016,375.22
08/09/2016,374.56
08/08/2016,375.12
08/05/2016,372
08/04/2016,369.29
08/03/2016,367.74
08/02/2016,371.4
08/01/2016,371.76
07/29/2016,366.5
07/28/2016,370.96
07/27/2016,370.28
07/26/2016,367.56
07/25/2016,365.47
07/22/2016,366.32
07/21/2016,368.31
07/20/2016,365.82
07/19/2016,367.09
07/18/2016,365.9
07/15/2016,363.69
07/14/2016,360.2
07/13/2016,360.33
07/12/2016,360.84
07/11/2016,359.1
07/08/2016,351.41
07/07/2016,351.41
07/06/2016,347.69
07/05/2016,353.46
07/04/2016,356.11
07/01/2016,354.31
06/30/2016,350.9
06/29/2016,346.75
06/28/2016,343.08
06/27/2016,340.25
06/24/2016,341.47
06/23/2016,350.23
06/22/2016,351.69
06/21/2016,350.47
06/20/2016,348
06/17/2016,345.81
06/16/2016,342.38
06/15/2016,346.8
06/14/2016,345.63
06/13/2016,343.52
06/08/2016,351.28
06/07/2016,348.53
06/06/2016,345.29
06/04/2016,344.36
06/03/2016,344.29
06/02/2016,341.74
06/01/2016,343.69
05/31/2016,340.26
05/30/2016,340
05/27/2016,337.45
05/26/2016,334.69
05/25/2016,333.9
05/24/2016,329.27
05/23/2016,331.62
05/20/2016,321.18
05/19/2016,319.37
05/18/2016,321.23
05/17/2016,320.71
05/16/2016,317.54
05/13/2016,316.8
05/12/2016,318.7
05/11/2016,320.38
05/10/2016,321.03
05/09/2016,319.4
05/06/2016,319.35
05/05/2016,320.45
05/04/2016,321.13
05/03/2016,324.08
04/29/2016,328.35
04/28/2016,332.84
04/27/2016,337.53
04/26/2016,339.18
04/25/2016,338.07
04/22/2016,337.42
04/21/2016,339.22
04/20/2016,336.3
04/19/2016,341.48
04/18/2016,343.82
04/15/2016,345.48
04/14/2016,345.46
04/13/2016,345.73
04/12/2016,340.61
04/11/2016,342.66
04/08/2016,341.35
04/07/2016,338.78
04/06/2016,338.79
04/01/2016,345.16
03/31/2016,349.78
03/30/2016,349.58
03/29/2016,344.26
03/28/2016,346.13
03/25/2016,346.51
03/24/2016,348.3
03/23/2016,349.44
03/22/2016,350.09
03/21/2016,352.44
03/18/2016,351.72
03/17/2016,349.03
03/16/2016,347.76
03/15/2016,343.9
03/14/2016,349.39
03/11/2016,346.38
03/10/2016,344.25
03/09/2016,342.75
03/08/2016,342.76
03/07/2016,342.16
03/04/2016,343.44
03/03/2016,343.02
03/02/2016,341.51
03/01/2016,339.07
02/26/2016,335.05
02/25/2016,334.4
02/24/2016,330.08
02/23/2016,332.94
02/22/2016,333.43
02/19/2016,333.46
02/18/2016,333.02
02/17/2016,328.87
02/16/2016,327.89
02/15/2016,321.98
02/03/2016,322.21
02/02/2016,323.27
02/01/2016,324.63
01/30/2016,323.83
01/29/2016,322.38
01/28/2016,316.06
01/27/2016,314.23
01/26/2016,312.63
01/25/2016,314.96
01/22/2016,309.9
01/21/2016,304.75
01/20/2016,304.55
01/19/2016,311.96
01/18/2016,309.69
01/15/2016,307.73
01/14/2016,304.7
01/13/2016,307.85
01/12/2016,305.62
01/11/2016,306.6
01/08/2016,310.47
01/07/2016,307.68
01/06/2016,313.76
01/05/2016,318.9
01/04/2016,320.5
12/31/2015,327.73
12/30/2015,326.64
12/29/2015,327.24
12/28/2015,330.35
12/25/2015,330.71
12/24/2015,328.81
12/23/2015,329.11
12/22/2015,329.01
12/21/2015,329.25
12/18/2015,327.87
12/17/2015,330.22
12/16/2015,324.42
12/15/2015,319.5
12/14/2015,318.23
12/11/2015,321.94
12/10/2015,325.99
12/09/2015,326.25
12/08/2015,330.73
12/07/2015,334.52
12/04/2015,331.24
12/03/2015,332.85
12/02/2015,332.92
12/01/2015,332.54
11/30/2015,325.77
11/27/2015,328.05
11/26/2015,331.84
11/25/2015,327.92
11/24/2015,328.06
11/23/2015,332
11/20/2015,331.26
11/19/2015,330.95
11/18/2015,325.32
11/17/2015,328.11
11/16/2015,321.86
11/13/2015,323.15
11/12/2015,326.92
11/11/2015,326
11/10/2015,331.99
11/09/2015,335.58
11/06/2015,337.2
11/05/2015,343.23
11/04/2015,343.55
11/03/2015,336.6
11/02/2015,332.63
10/30/2015,329.72
10/29/2015,330.28
10/28/2015,333.84
10/27/2015,335.39
10/26/2015,337.44
10/23/2015,333.91
10/22/2015,331.35
10/21/2015,330.75
10/20/2015,332.73
10/19/2015,332.02
10/16/2015,332.46
10/15/2015,333.06
10/14/2015,329.42
10/13/2015,330.65
10/12/2015,331.1
10/08/2015,326.65
10/07/2015,327.29
10/06/2015,323.37
10/05/2015,322.09
10/02/2015,321
10/01/2015,321.05
09/30/2015,316.37
09/25/2015,313.38
09/24/2015,312.08
09/23/2015,314.36
09/22/2015,322.35
09/21/2015,320.58
09/18/2015,327.15
09/17/2015,325.57
09/16/2015,322.02
09/15/2015,318.24
09/14/2015,321.57
09/11/2015,320.93
09/10/2015,317.9
09/09/2015,320.83
09/08/2015,308.09
09/07/2015,306.76
09/04/2015,307.76
09/03/2015,312.36
09/02/2015,309.8
09/01/2015,308.4
08/31/2015,314.59
08/28/2015,307.57
08/27/2015,300.63
08/26/2015,295.24
08/25/2015,296.7
08/24/2015,283.79
08/21/2015,296.96
08/20/2015,307.25
08/19/2015,307.23
08/18/2015,312.76
08/17/2015,311.74
08/14/2015,316.26
08/13/2015,318.42
08/12/2015,315.34
08/11/2015,318.31
08/10/2015,318.13
08/07/2015,318.96
08/06/2015,318.43
08/05/2015,322.17
08/04/2015,322.04
08/03/2015,324.24
07/31/2015,332.36
07/30/2015,331.36
07/29/2015,328.01
07/28/2015,329.09
07/27/2015,325.88
07/24/2015,335.1
07/23/2015,336.04
07/22/2015,344.02
07/21/2015,348.88
07/20/2015,346.91
07/17/2015,349.68
07/16/2015,349.37
07/15/2015,350.59
07/14/2015,351.48
07/13/2015,351.99
07/10/2015,347.43
07/09/2015,347.43
07/08/2015,349.85
07/07/2015,361.06
07/06/2015,362
07/03/2015,366.57
07/02/2015,366.8
07/01/2015,366.88
06/30/2015,363.47
06/29/2015,360.39
06/26/2015,371.32
06/25/2015,372.47
06/24/2015,368.63
06/23/2015,368.85
06/22/2015,366.42
06/18/2015,362.13
06/17/2015,360.59
06/16/2015,359.55
06/15/2015,361.48
06/12/2015,363.33
06/11/2015,362.93
06/10/2015,361.21
06/09/2015,357.56
06/08/2015,365.12
06/05/2015,365.81
06/04/2015,366.73
06/03/2015,375.1
06/02/2015,376.97
06/01/2015,377.77
05/29/2015,381.64
05/28/2015,381.97
05/27/2015,379.22
05/26/2015,378.97
05/25/2015,378.66
05/22/2015,377.01
05/21/2015,374.63
05/20/2015,377.1
05/19/2015,377.34
05/18/2015,372.92
05/15/2015,372.11
05/14/2015,372.64
05/13/2015,375.79
05/12/2015,372.09
05/11/2015,373.64
05/08/2015,374.62
05/07/2015,375.8
05/06/2015,378.87
05/05/2015,378.4
05/04/2015,379.74
04/30/2015,379.28
04/29/2015,380.58
04/28/2015,387.2
04/27/2015,389.58
04/24/2015,389.05
04/23/2015,382.73
04/22/2015,376.66
04/21/2015,372.92
04/20/2015,374.27
04/17/2015,375.03
04/16/2015,380.25
04/15/2015,374.74
04/14/2015,379.89
04/13/2015,381.46
04/10/2015,379.69
04/09/2015,376.91
04/08/2015,378
04/07/2015,382.66
04/02/2015,381.97
04/01/2015,377.64
03/31/2015,380.69
03/30/2015,378
03/27/2015,377.9
03/26/2015,384.4
03/25/2015,389.53
03/24/2015,392.1
03/23/2015,393.65
03/20/2015,392.94
03/19/2015,391.88
03/18/2015,388.06
03/17/2015,382.8
03/16/2015,381.21
03/13/2015,385.3
03/12/2015,384.9
03/11/2015,382.16
03/10/2015,382.54
03/09/2015,384.04
03/06/2015,388.33
03/05/2015,387.35
03/04/2015,387.4
03/03/2015,386.63
03/02/2015,385.6
02/26/2015,386.23
02/25/2015,390.04
02/24/2015,385.76
02/13/2015,381.72
02/12/2015,380.39
02/11/2015,378.71
02/10/2015,373.81
02/09/2015,376.29
02/06/2015,377.5
02/05/2015,381.03
02/04/2015,381.55
02/03/2015,379.16
02/02/2015,376.05
01/30/2015,375.12
01/29/2015,378.82
01/28/2015,383.5
01/27/2015,383.76
01/26/2015,381.68
01/23/2015,380.39
01/22/2015,374.24
01/21/2015,372.54
01/20/2015,369.94
01/19/2015,366.73
01/16/2015,364.99
01/15/2015,364.13
01/14/2015,364.27
01/13/2015,366.33
01/12/2015,365.43
01/09/2015,367.25
01/08/2015,369.75
01/07/2015,362.71
01/06/2015,360.37
01/05/2015,370.33
12/31/2014,370.33
12/30/2014,368.98
12/29/2014,369.62
12/27/2014,366.07
12/26/2014,366
12/25/2014,363.54
12/24/2014,364.7
12/23/2014,361.95
12/22/2014,362.81
12/19/2014,358.2
12/18/2014,352.47
12/17/2014,350.3
12/16/2014,355.03
12/15/2014,357.96
12/12/2014,358.57
12/11/2014,357.25
12/10/2014,357.48
12/09/2014,361.3
12/08/2014,363.47
12/05/2014,365.36
12/04/2014,367.53
12/03/2014,364.99
12/02/2014,359.59
12/01/2014,363.88
11/28/2014,365.46
11/27/2014,364.63
11/26/2014,362.45
11/25/2014,361.69
11/24/2014,360.81
11/21/2014,360.93
11/20/2014,359.52
11/19/2014,353.82
11/18/2014,348.35
11/17/2014,351.39
11/14/2014,355.52
11/13/2014,354.93
11/12/2014,351.94
11/11/2014,355.89
11/10/2014,356.51
11/07/2014,350.88
11/06/2014,349.04
11/05/2014,352.69
11/04/2014,354.25
11/03/2014,354.36
10/31/2014,352.1
10/30/2014,347.93
10/29/2014,349.21
10/28/2014,343.97
10/27/2014,339.07
10/24/2014,339.31
10/23/2014,342.94
10/22/2014,344.29
10/21/2014,340.01
10/20/2014,340.68
10/17/2014,334.45
10/16/2014,338.11
10/15/2014,338.36
10/14/2014,341.76
10/13/2014,338.79
10/09/2014,350.24
10/08/2014,350.39
10/07/2014,355.15
10/06/2014,358.22
10/03/2014,357.83
10/02/2014,351.69
10/01/2014,351.38
09/30/2014,348.75
09/29/2014,348.81
09/26/2014,349.46
09/25/2014,350.97
09/24/2014,354.94
09/23/2014,355.29
09/22/2014,357.11
09/19/2014,362.47
09/18/2014,362.1
09/17/2014,360.39
09/16/2014,356.57
09/15/2014,360.16
09/12/2014,359.98
09/11/2014,365.37
09/10/2014,367.08
09/09/2014,369.7
09/05/2014,368.48
09/04/2014,369.93
09/03/2014,371.8
09/02/2014,370.15
09/01/2014,375.89
08/29/2014,371.41
08/28/2014,372.21
08/27/2014,371.88
08/26/2014,368.03
08/25/2014,367.96
08/22/2014,367.48
08/21/2014,363.27
08/20/2014,365.82
08/19/2014,364.87
08/18/2014,361
08/15/2014,363.05
08/14/2014,363.54
08/13/2014,361.91
08/12/2014,359.11
08/11/2014,358.78
08/08/2014,355.04
08/07/2014,356.7
08/06/2014,357.71
08/05/2014,357.22
08/04/2014,364.88
08/01/2014,358.93
07/31/2014,359.81
07/30/2014,366.23
07/29/2014,364.59
07/28/2014,366.5
07/25/2014,370.69
07/24/2014,376.9
07/23/2014,375.92
07/22/2014,375.92
07/21/2014,372.7
07/18/2014,370.47
07/17/2014,371.12
07/16/2014,377.91
07/15/2014,382.34
07/14/2014,380.93
07/11/2014,381.59
07/10/2014,384.29
07/09/2014,381.46
07/08/2014,384.18
07/07/2014,384.65
07/04/2014,383.46
07/03/2014,383.66
07/02/2014,379.23
07/01/2014,375.44
06/30/2014,372.24
06/27/2014,367.34
06/26/2014,368.28
06/25/2014,364.29
06/24/2014,364.37
06/23/2014,363.91
06/20/2014,366.71
06/19/2014,368.94
06/18/2014,366.41
06/17/2014,365.78
06/16/2014,363.23
06/13/2014,362.91
06/12/2014,363.26
06/11/2014,365.09
06/10/2014,364.36
06/09/2014,361.68
06/06/2014,360.01
06/05/2014,360.49
06/04/2014,359.39
06/03/2014,358.13
05/30/2014,355.22
05/29/2014,357.46
05/28/2014,358.51
05/27/2014,355.54
05/26/2014,354.74
05/23/2014,353.61
05/22/2014,351.86
05/21/2014,346.32
05/20/2014,347.62
05/19/2014,347.09
05/16/2014,346.6
05/15/2014,346.22
05/14/2014,345.43
05/13/2014,342.35
05/12/2014,341.31
05/09/2014,345.17
05/08/2014,347.06
05/07/2014,346.07
05/06/2014,346.37
05/05/2014,344.62
05/02/2014,343.3
04/30/2014,339.15
04/29/2014,343.44
04/28/2014,340.55
04/25/2014,337.6
04/24/2014,344.29
04/23/2014,344.33
04/22/2014,344.53
04/21/2014,342.83
04/18/2014,342.87
04/17/2014,340.92
04/16/2014,340.02
04/15/2014,339.9
04/14/2014,336.53
04/11/2014,338.8
04/10/2014,340.48
04/09/2014,340.17
04/08/2014,338.14
04/07/2014,337.03
04/03/2014,337.46
04/02/2014,339.45
04/01/2014,337.23
03/31/2014,335.33
03/28/2014,332.21
03/27/2014,332.25
03/26/2014,331.42
03/25/2014,328.14
03/24/2014,324.92
03/21/2014,323.91
03/20/2014,324.11
03/19/2014,328.14
03/18/2014,329.93
03/17/2014,329.24
03/14/2014,328.86
03/13/2014,331.1
03/12/2014,326.39
03/11/2014,327.18
03/10/2014,324.77
03/07/2014,326.76
03/06/2014,326.29
03/05/2014,321.78
03/04/2014,317.49
03/03/2014,319.26
02/27/2014,320.03
02/26/2014,318.58
02/25/2014,317.18
02/24/2014,316.17
02/21/2014,317.16
02/20/2014,314.25
02/19/2014,316.29
02/18/2014,315.23
02/17/2014,314.12
02/14/2014,313.42
02/13/2014,311.52
02/12/2014,312.57
02/11/2014,308.36
02/10/2014,306.94
02/07/2014,307.63
02/06/2014,304.27
02/05/2014,301.45
01/27/2014,309.24
01/24/2014,314.71
01/23/2014,314.35
01/22/2014,315.39
01/21/2014,314.45
01/20/2014,316.37
01/17/2014,314.63
01/16/2014,314.43
01/15/2014,313.03
01/14/2014,309.41
01/13/2014,308.98
01/10/2014,307.56
01/09/2014,306.32
01/08/2014,308.58
01/07/2014,305.67
01/06/2014,305.39
01/03/2014,306.68
01/02/2014,308.91
12/31/2013,308.62
12/30/2013,308.76
12/27/2013,305.41
12/26/2013,303.53
12/25/2013,302.27
12/24/2013,301.65
12/23/2013,302.09
12/20/2013,300.29
12/19/2013,299.96
12/18/2013,297.45
12/17/2013,298.64
12/16/2013,295.82
12/13/2013,297.8
12/12/2013,298.25
12/11/2013,300.67
12/10/2013,301.69
12/09/2013,301.83
12/06/2013,299.38
12/05/2013,298.74
12/04/2013,300.49
12/03/2013,299.9
12/02/2013,300.23
11/29/2013,300.13
11/28/2013,297.93
11/27/2013,296.04
11/26/2013,294.06
11/25/2013,290.03
11/22/2013,288.13
11/21/2013,288.1
11/20/2013,292.03
11/19/2013,294.86
11/18/2013,291.91
11/15/2013,292.18
11/14/2013,291.65
11/13/2013,290.08
11/12/2013,293.35
11/11/2013,293.93
11/08/2013,296.4
11/07/2013,298.59
11/06/2013,298.66
11/05/2013,297.83
11/04/2013,301.25
11/01/2013,300.57
10/31/2013,302.88
10/30/2013,303.7
10/29/2013,301.2
10/28/2013,301.3
10/25/2013,298.77
10/24/2013,301.91
10/23/2013,301.41
10/22/2013,301.59
10/21/2013,300.93
10/18/2013,302.08
10/17/2013,298.1
10/16/2013,296.13
10/15/2013,297.97
10/14/2013,294.09
10/11/2013,298.16
10/09/2013,297.76
10/08/2013,299.14
10/07/2013,297.71
10/04/2013,300.88
10/03/2013,301.39
10/02/2013,297.09
10/01/2013,296.63
09/30/2013,295.95
09/27/2013,297.91
09/26/2013,296.25
09/25/2013,299.77
09/24/2013,301.43
09/23/2013,300.65
09/18/2013,297.21
09/17/2013,299.09
09/16/2013,299.61
09/14/2013,294.91
09/13/2013,295.88
09/12/2013,297.42
09/11/2013,298.72
09/10/2013,299.51
09/09/2013,298.66
09/06/2013,297.6
09/05/2013,297.68
09/04/2013,294.4
09/03/2013,295.82
09/02/2013,294.45
08/30/2013,293.34
08/29/2013,289.41
08/28/2013,286.04
08/27/2013,285.53
08/26/2013,288.17
08/23/2013,287.16
08/22/2013,284.46
08/21/2013,284.14
08/20/2013,284.14
08/19/2013,286.6
08/16/2013,287.16
08/15/2013,285.87
08/14/2013,287.87
08/13/2013,288.68
08/12/2013,283.99
08/09/2013,282.44
08/08/2013,283.33
08/07/2013,284.03
08/06/2013,288.73
08/05/2013,292.12
08/02/2013,290.21
08/01/2013,290.49
07/31/2013,293.69
07/30/2013,295.38
07/29/2013,292.71
07/26/2013,296.16
07/25/2013,295.9
07/24/2013,295.64
07/23/2013,294.94
07/22/2013,288.97
07/19/2013,288.17
07/18/2013,296.5
07/17/2013,301.42
07/16/2013,303.61
07/15/2013,304.65
07/12/2013,303.87
07/11/2013,302.92
07/10/2013,297.48
07/09/2013,297.07
07/08/2013,295
07/05/2013,301.23
07/04/2013,296.47
07/03/2013,298.56
07/02/2013,302.78
07/01/2013,302.61
06/28/2013,303.46
06/27/2013,295.44
06/26/2013,291.66
06/25/2013,287.32
06/24/2013,289.47
06/21/2013,293.01
06/20/2013,296.68
06/19/2013,301.17
06/18/2013,302.28
06/17/2013,300.46
06/14/2013,298.59
06/13/2013,298.73
06/11/2013,306.56
06/10/2013,308.73
06/07/2013,306.07
06/06/2013,306.56
06/05/2013,310.07
06/04/2013,310.9
06/03/2013,310.52
05/31/2013,312.54
05/30/2013,312.73
05/29/2013,316.04
05/28/2013,313.31
05/27/2013,314.45
05/24/2013,310.89
05/23/2013,311.32
05/22/2013,317.55
05/21/2013,316.85
05/20/2013,316.79
05/17/2013,316.17
05/16/2013,316.77
05/15/2013,314.79
05/14/2013,312.75
05/13/2013,312.53
05/10/2013,313.35
05/09/2013,314.86
05/08/2013,313.9
05/07/2013,309.84
05/06/2013,310.31
05/03/2013,307.52
05/02/2013,307.66
04/30/2013,305.69
04/29/2013,302.47
04/26/2013,301.57
04/25/2013,300.95
04/24/2013,300.82
04/23/2013,298.35
04/22/2013,300.38
04/19/2013,299.09
04/18/2013,292.07
04/17/2013,292.8
04/16/2013,292.04
04/15/2013,290.03
04/12/2013,292.9
04/11/2013,295.38
04/10/2013,291.09
04/09/2013,289.87
04/08/2013,291.35
04/03/2013,297.96
04/02/2013,297.12
04/01/2013,296.44
03/29/2013,296.85
03/28/2013,294.96
03/27/2013,296.05
03/26/2013,294.52
03/25/2013,293.38
03/22/2013,290.87
03/21/2013,290.91
03/20/2013,291.01
03/19/2013,293
03/18/2013,291.48
03/15/2013,295.49
03/14/2013,296.57
03/13/2013,297.37
03/12/2013,296.14
03/11/2013,296.25
03/08/2013,296.48
03/07/2013,295.6
03/06/2013,296.17
03/05/2013,296.24
03/04/2013,293.23
03/01/2013,296.18
02/27/2013,294.25
02/26/2013,292.71
02/25/2013,295.85
02/23/2013,297.01
02/22/2013,295.31
02/21/2013,296.75
02/20/2013,299.47
02/19/2013,296.87
02/18/2013,295.28
02/06/2013,293.22
02/05/2013,291.79
02/04/2013,293.57
02/01/2013,292.31
01/31/2013,292.26
01/30/2013,292.48
01/29/2013,292.09
01/28/2013,287.77
01/25/2013,286.65
01/24/2013,287.25
01/23/2013,289.09
01/22/2013,289.56
01/21/2013,287.98
01/18/2013,288.36
01/17/2013,283.72
01/16/2013,286.11
01/15/2013,288.21
01/14/2013,290.96
01/11/2013,290.34
01/10/2013,290.25
01/09/2013,288.58
01/08/2013,288.13
01/07/2013,289.38
01/04/2013,292.47
01/03/2013,294.1
01/02/2013,292.53
12/28/2012,289.23
12/27/2012,287.12
12/26/2012,286.16
12/25/2012,287.15
12/24/2012,283.24
12/22/2012,284.5
12/21/2012,282.75
12/20/2012,285.87
12/19/2012,287.94
12/18/2012,287.39
12/17/2012,286.71
12/14/2012,291.08
12/13/2012,294.72
12/12/2012,292.22
12/11/2012,289.89
12/10/2012,290.05
12/07/2012,291.55
12/06/2012,290.16
12/05/2012,292.23
12/04/2012,290.98
12/03/2012,289.75
11/30/2012,289.02
11/29/2012,285.39
11/28/2012,283.3
11/27/2012,283.07
11/26/2012,282.44
11/23/2012,279.88
11/22/2012,271.57
11/21/2012,270.75
11/20/2012,271.73
11/19/2012,271.51
11/16/2012,272.51
11/15/2012,273.46
11/14/2012,273.38
11/13/2012,271.43
11/12/2012,275.87
11/09/2012,276.89
11/08/2012,274.25
11/07/2012,274.73
11/06/2012,272.87
11/05/2012,270.61
11/02/2012,271.25
11/01/2012,271.25
10/31/2012,269.35
10/30/2012,269.66
10/29/2012,266.23
10/26/2012,267.78
10/25/2012,270.99
10/24/2012,273.37
10/23/2012,273.74
10/22/2012,274.73
10/19/2012,275.58
10/18/2012,278.14
10/17/2012,278.56
10/16/2012,278.66
10/15/2012,275.7
10/12/2012,276.74
10/11/2012,276.83
10/09/2012,282.17
10/08/2012,284.9
10/05/2012,288.32
10/04/2012,288.28
10/03/2012,288.94
10/02/2012,289.38
10/01/2012,287.12
09/28/2012,288.77
09/27/2012,286.95
09/26/2012,286.18
09/25/2012,289.64
09/24/2012,291.74
09/21/2012,290.95
09/20/2012,289.66
09/19/2012,292.06
09/18/2012,290.63
09/17/2012,291.46
09/14/2012,291.64
09/13/2012,286.51
09/12/2012,286.71
09/11/2012,283.23
09/10/2012,282.05
09/07/2012,280.86
09/06/2012,276.49
09/05/2012,278.08
09/04/2012,281.36
09/03/2012,281.05
08/31/2012,277.2
08/30/2012,275.96
08/29/2012,275.2
08/28/2012,273.74
08/27/2012,278.01
08/24/2012,277.38
08/23/2012,278.23
08/22/2012,277.4
08/21/2012,277.89
08/20/2012,275.15
08/17/2012,275.99
08/16/2012,276.49
08/15/2012,275.12
08/14/2012,275.57
08/13/2012,273.72
08/10/2012,272.99
08/09/2012,271.62
08/08/2012,265.94
08/07/2012,265.02
08/06/2012,265.4
08/03/2012,263.15
08/01/2012,265.41
07/31/2012,266.25
07/30/2012,261.86
07/27/2012,261.46
07/26/2012,254.92
07/25/2012,254.79
07/24/2012,257.3
07/23/2012,258.53
07/20/2012,264.78
07/19/2012,264.31
07/18/2012,259.5
07/17/2012,261.96
07/16/2012,262.64
07/13/2012,264.66
07/12/2012,266.08
07/11/2012,271.57
07/10/2012,271.62
07/09/2012,275.16
07/06/2012,278.12
07/05/2012,279.76
07/04/2012,281.57
07/03/2012,282.14
07/02/2012,279.13
06/29/2012,276.97
06/28/2012,272.41
06/27/2012,272.61
06/26/2012,270.82
06/25/2012,272.86
06/22/2012,274.46
06/21/2012,275.69
06/20/2012,277.68
06/19/2012,275.47
06/18/2012,276.09
06/15/2012,269.65
06/14/2012,267.79
06/13/2012,268.7
06/12/2012,267.84
06/11/2012,270.01
06/08/2012,264.87
06/07/2012,268.79
06/06/2012,267.39
06/05/2012,265.02
06/04/2012,260.68
06/01/2012,270.68
05/31/2012,279.94
05/30/2012,277.89
05/29/2012,279.73
05/28/2012,271.6
05/25/2012,268.76
05/24/2012,271.49
05/23/2012,271.94
05/22/2012,277.63
05/21/2012,273.64
05/18/2012,271.91
05/17/2012,281.51
05/16/2012,275.98
05/15/2012,283.16
05/14/2012,281.52
05/11/2012,282
05/10/2012,284.21
05/09/2012,284.32
05/08/2012,286.63
05/07/2012,286.76
05/04/2012,292.9
05/03/2012,291.73
05/02/2012,292.02
04/30/2012,284.2
04/27/2012,283.96
04/26/2012,286.86
04/25/2012,290.05
04/24/2012,286.95
04/23/2012,284.87
04/20/2012,286.66
04/19/2012,292.04
04/18/2012,292.41
04/17/2012,291.82
04/16/2012,298.83
04/13/2012,300.46
04/12/2012,294.85
04/11/2012,293.99
04/10/2012,292.01
04/09/2012,291.61
04/06/2012,295.92
04/05/2012,292.1
04/03/2012,295.22
04/02/2012,300.17
03/30/2012,302.97
03/29/2012,300.66
03/28/2012,307.24
03/27/2012,305.67
03/26/2012,303.14
03/23/2012,306.28
03/22/2012,305.66
03/21/2012,302.57
03/20/2012,301.36
03/19/2012,304.09
03/16/2012,303.47
03/15/2012,305.75
03/14/2012,305.85
03/13/2012,301.54
03/12/2012,298.8
03/09/2012,302.12
03/08/2012,299.65
03/07/2012,297.18
03/06/2012,298.08
03/05/2012,300.6
03/03/2012,304.24
03/02/2012,305.63
03/01/2012,304.21
02/29/2012,303.94
02/24/2012,297.88
02/23/2012,296.72
02/22/2012,299.55
02/21/2012,295.9
02/20/2012,297.35
02/17/2012,295.95
02/16/2012,295.23
02/15/2012,300.71
02/14/2012,295.48
02/13/2012,295.38
02/10/2012,294.11
02/09/2012,297.05
02/08/2012,295.19
02/07/2012,288.36
02/06/2012,287.03
02/04/2012,289
02/03/2012,288.31
02/02/2012,286.86
02/01/2012,282.37
01/31/2012,281.27
01/30/2012,278.09
01/18/2012,269.62
01/17/2012,267.94
01/16/2012,263.2
01/13/2012,266.23
01/12/2012,266.43
01/11/2012,266.19
01/10/2012,265.39
01/09/2012,262.81
01/06/2012,264.02
01/05/2012,264.01
01/04/2012,262.34
01/03/2012,260.55
01/02/2012,256.91
12/30/2011,260.73
12/29/2011,261.21
12/28/2011,259.89
12/27/2011,260.48
12/26/2011,260.54
12/23/2011,261.19
12/22/2011,257.08
12/21/2011,258.36
12/20/2011,246.6
12/19/2011,244.33
12/16/2011,249.07
12/15/2011,247.91
12/14/2011,253.43
12/13/2011,252.42
12/12/2011,252.83
12/09/2011,250.65
12/08/2011,254.53
12/07/2011,256.81
12/06/2011,255.19
12/05/2011,259.77
12/02/2011,261.73
12/01/2011,263.66
11/30/2011,254.8
11/29/2011,256.23
11/28/2011,252.74
11/25/2011,247.45